{
    "loss": 15.702651023864746,
    "accuracy": 0.800000011920929
}